"","channel","timepoint","start_time_min","end_time_min","bpm_duration","bpm","bpm.SD","start_time_min_TEMP","temp","end_time_min_TEMP","temp.1","temp_diff","temp_mean","temp.K","testID","abt_fit","Tpeak.K","Tpeak","HRpeak"
"23","Ch5",1,5.722,6.013,17.4596508069838,102.2899254,0.2153,5.46666666666667,16,6,16,0,16,3.45841258862182,"test10","use",3.36360578540195,24.15,144.4126888
"26","Ch5",2,11.5,11.757,15.4196916061679,110.3900961,0.3381,11.6166666666667,17,12.2,17.1,0.100000000000001,17.05,3.44589937973811,"test10","use",3.36360578540195,24.15,144.4126888
"27","Ch5",3,17.715,18.002,17.2196556068878,117.1988091,0.3087,17.45,18.1,18.15,18.1,0,18.1,3.43347639484979,"test10","use",3.36360578540195,24.15,144.4126888
"28","Ch5",4,23.67,23.935,15.8996820063597,124.4956524,0.4471,23.5166666666667,19.1,24,19.1,0,19.1,3.42172797262618,"test10","use",3.36360578540195,24.15,144.4126888
"29","Ch5",5,29.498,29.76,15.7196856062879,130.9666829,0.3683,29.4,20,29.9333333333333,20,0,20,3.41122292341805,"test10","use",3.36360578540195,24.15,144.4126888
"30","Ch5",6,35.502,35.773,16.2596748065039,137.8416896,0.5348,35.4166666666667,21.1,36.0833333333333,21.2,0.0999999999999979,21.15,3.39789330615019,"test10","use",3.36360578540195,24.15,144.4126888
"31","Ch5",7,41.583,41.838,15.29969400612,140.7462411,0.5128,41.4666666666667,22.2,42.1,22.2,0,22.2,3.38581344167936,"test10","use",3.36360578540195,24.15,144.4126888
"32","Ch5",8,47.583,47.841,15.479690406192,143.4069362,0.5524,47.5,23.1,48.05,23.1,0,23.1,3.37552742616034,"test10","use",3.36360578540195,24.15,144.4126888
"33","Ch5",9,53.658,53.915,15.4196916061677,144.4126888,0.5579,53.4666666666667,24.1,53.9333333333333,24.2,0.0999999999999979,24.15,3.36360578540195,"test10","use",3.36360578540195,24.15,144.4126888
