"","channel","timepoint","start_time_min","end_time_min","bpm_duration","bpm","bpm.SD","start_time_min_TEMP","temp","end_time_min_TEMP","temp.1","temp_diff","temp_mean","temp.K","testID","abt_fit","Tpeak.K","Tpeak","HRpeak"
"1","Ch1",1,5.722,6.013,17.4596508069838,87.75404694,0.5204,5.46666666666667,16,6,16,0,16,3.45841258862182,"test10","use",3.37666722944454,23,123.269341
"4","Ch1",2,11.5,11.757,15.4196916061679,93.13181803,0.5533,11.6166666666667,17,12.2,16.9,-0.100000000000001,16.95,3.44708721130645,"test10","use",3.37666722944454,23,123.269341
"5","Ch1",3,17.715,18.002,17.2196556068878,101.3264144,0.2792,17.45,18,18.15,18,0,18,3.4346556757685,"test10","use",3.37666722944454,23,123.269341
"6","Ch1",4,23.67,23.935,15.8996820063597,107.7835353,0.2829,23.5166666666667,19,24,19,0,19,3.42289919561869,"test10","use",3.37666722944454,23,123.269341
"7","Ch1",5,29.498,29.76,15.7196856062879,114.0928187,0.6182,29.4,20.2,29.9333333333333,20,-0.199999999999999,20.1,3.41005967604433,"test10","use",3.37666722944454,23,123.269341
"8","Ch1",6,35.502,35.773,16.2596748065039,119.6676445,0.4862,35.4166666666667,20.9,36.0833333333333,20.9,0,20.9,3.40078217990138,"test10","use",3.37666722944454,23,123.269341
"9","Ch1",7,41.583,41.838,15.29969400612,123.1554002,0.7174,41.4666666666667,22,42.1,22,0,22,3.38810774182619,"test10","use",3.37666722944454,23,123.269341
"10","Ch1",8,47.583,47.841,15.479690406192,123.269341,0.841,47.5,23,48.05,23,0,23,3.37666722944454,"test10","use",3.37666722944454,23,123.269341
"11","Ch1",9,53.658,53.915,15.4196916061677,119.2205063,1.1408,53.4666666666667,24,53.9333333333333,23.9,-0.100000000000001,23.95,3.36587007741501,"test10","NOTuse",3.37666722944454,23,123.269341
