channel,timepoint,bpm,temp_mean,temp.K,abt_fit
Ch1,1,99.18297164,16.6,3.451251079,use
Ch1,10,131.7481176,25.1,3.352891869,NOTuse
Ch1,2,102.4298099,17.05,3.44589938,use
Ch1,3,110.7923705,18,3.434655676,use
Ch1,4,119.073671,19,3.422899196,use
Ch1,5,125.9554382,19.95,3.411804845,use
Ch1,6,131.7947373,20.8,3.401939105,use
Ch1,7,138.1406627,21.8,3.390405153,use
Ch1,8,140.149656,23.15,3.374957813,use
Ch1,9,136.479151,24.15,3.363605785,NOTuse